INSERT INTO KhachHang (MaKH, HoTen, SoDienThoai, CoQuan) VALUES
(1, 'Nguyễn Văn Linh', '0123456789', 'Bệnh viện Bạch Mai'),
(2, 'Trần Thị Xuyến Chi', '0987654321', 'Công ty Chứng khoán ACB'),
(3, 'Lê Hoàng Nguyễn', '0912345678', 'Trường Đại học FPT'),
(4, 'Phạm Văn Lập', '0908765432', 'Ngân hàng Vietcombank'),
(5, 'Nguyễn Thị Thanh Huyền', '0934567890', 'Bệnh viện Đa khoa Quốc tế Vinmec'),
(6, 'Đoàn Văn Hậu', '0923456789', 'Công ty Samsung Việt Nam'),
(7, 'Võ Thị Quế', '0945678901', 'Truyền hình VTV'),
(8, 'Phạm Minh Hiếu', '0967890123', 'Công ty Google Việt Nam'),
(9, 'Lê Thanh Huyền', '0954321789', 'Công ty Microsoft Việt Nam'),
(10, 'Nguyễn Hoàng Anh', '0976543210', 'Công ty VinGroup');

INSERT INTO NhaChoThue (MaNha, DiaChi, GiaThue, TenChuNha, TinhTrang) VALUES
(1, '123 Lê Lợi, Q1', 10000000.00, 'Đỗ Việt Trung', 'Có sẵn'),
(2, '456 Nguyễn Trãi, Q5', 8000000.00, 'Nguyễn Ngọc Bảo Long', 'Đã thuê'),
(3, '789 Trần Hưng Đạo, Q1', 15000000.00, 'Đỗ Quyên', 'Đang bảo trì'),
(4, '321 Cách Mạng Tháng 8, Q10', 7000000.00, 'Trần Đức Anh', 'Có sẵn'),
(5, '654 Điện Biên Phủ, Q3', 12000000.00, 'Đỗ Nhật Minh', 'Có sẵn'),
(6, '987 Lý Tự Trọng, Q1', 20000000.00, 'Vũ Trung Kiên', 'Đã thuê'),
(7, '213 Pasteur, Q3', 11000000.00, 'Đào Duy Huỳnh', 'Có sẵn'),
(8, '435 Hai Bà Trưng, Q1', 9000000.00, 'Nguyễn Hà Phương', 'Đã thuê'),
(9, '678 Võ Văn Tần, Q3', 17000000.00, 'Đỗ Hoàng Tú', 'Đang bảo trì'),
(10, '890 Hoàng Diệu, Q4', 6000000.00, 'Phạm Quốc Đạt', 'Có sẵn');

INSERT INTO HopDong (MaNha, MaKH, NgayBatDau, NgayKetThuc) VALUES
(1, 1, '2023-01-01', '2023-12-31'),
(1, 2, '2023-02-01', '2023-12-31'),
(2, 3, '2023-03-01', '2023-11-30'),
(3, 4, '2023-01-15', '2023-10-15'),
(4, 5, '2023-05-01', '2023-09-30'),
(5, 6, '2023-04-01', '2023-12-31'),
(6, 7, '2023-06-01', '2023-12-31'),
(7, 8, '2023-07-01', '2023-12-31'),
(8, 9, '2023-08-01', '2023-12-31'),
(10, 10, '2023-09-01', '2023-12-31');

INSERT INTO PhieuThue (MaPT, MaNha, MaKH, NgayBatDau, NgayKetThuc, GiaThue) VALUES
(1, 1, 1, '2023-01-01', '2023-12-31', 10000000.00),
(2, 1, 2, '2023-02-01', '2023-12-31', 10000000.00),
(3, 2, 3, '2023-03-01', '2023-11-30', 15000000.00),
(4, 3, 4, '2023-01-15', '2023-10-15', 7000000.00),
(5, 4, 5, '2023-05-01', '2023-09-30', 12000000.00),
(6, 5, 6, '2023-04-01', '2023-12-31', 20000000.00),
(7, 6, 7, '2023-06-01', '2023-12-31', 11000000.00),
(8, 7, 8, '2023-07-01', '2023-12-31', 9000000.00),
(9, 8, 9, '2023-08-01', '2023-12-31', 17000000.00),
(10, 10, 10, '2023-09-01', '2023-12-31', 6000000.00);

INSERT INTO HoaDon (MaHD, MaKH, MaNha, MaPT, NgayLap) VALUES
(1, 1, 1, 1, '2023-01-10'),
(2, 2, 1, 2, '2023-02-10'),
(3, 3, 2, 3, '2023-03-10'),
(4, 4, 3, 4, '2023-01-20'),
(5, 5, 4, 5, '2023-05-10'),
(6, 6, 5, 6, '2023-04-15'),
(7, 7, 6, 7, '2023-06-10'),
(8, 8, 7, 8, '2023-07-10'),
(9, 9, 8, 9, '2023-08-10'),
(10, 10, 10, 10, '2023-09-15');

INSERT INTO DichVu (MaDV, TenDV, GiaDV) VALUES
(1, 'Dọn dẹp', 500000.00),
(2, 'Bảo trì', 700000.00),
(3, 'Internet', 300000.00),
(4, 'Điện nước', 600000.00),
(5, 'Vệ sinh công cộng', 450000.00);

INSERT INTO PhieuDichVu (MaPhieuDV, MaPT, MaDV, NgayLap, ThanhTien) VALUES
(1, 1, 1, '2023-01-10', 500000.00),
(2, 1, 3, '2023-01-10', 300000.00),
(3, 2, 2, '2023-02-10', 700000.00),
(4, 2, 4, '2023-02-10', 600000.00),
(5, 3, 1, '2023-03-10', 500000.00),
(6, 3, 5, '2023-03-10', 450000.00),
(7, 4, 3, '2023-01-20', 300000.00),
(8, 4, 2, '2023-01-20', 700000.00),
(9, 5, 4, '2023-05-10', 600000.00),
(10, 5, 5, '2023-05-10', 450000.00),
(11, 6, 1, '2023-04-15', 500000.00),
(12, 6, 3, '2023-04-15', 300000.00),
(13, 7, 2, '2023-06-10', 700000.00),
(14, 7, 4, '2023-06-10', 600000.00),
(15, 8, 3, '2023-07-10', 300000.00),
(16, 8, 5, '2023-07-10', 450000.00),
(17, 9, 4, '2023-08-10', 600000.00),
(18, 9, 5, '2023-08-10', 450000.00),
(19, 10, 4, '2023-09-15', 600000.00),
(20, 10, 5, '2023-09-15', 450000.00);
